{
    "total_return": 19.83523901697481,
    "sharpe_ratio": 0.8868652371357031,
    "max_drawdown": 7.616837945311879,
    "total_trades": 17,
    "winning_trades": 12,
    "losing_trades": 5,
    "win_rate": 70.58823529411765,
    "average_win": 295.3955063750353,
    "average_loss": -275.83100433899733,
    "final_capital": 11983.523901697481,
    "total_fee": 366.48431443203276
}