{
    "total_return": 29.460369272603987,
    "sharpe_ratio": 0.2925854584929329,
    "max_drawdown": 14.05310411677609,
    "total_trades": 72,
    "winning_trades": 41,
    "losing_trades": 31,
    "win_rate": 56.94444444444444,
    "average_win": 294.50073939137,
    "average_loss": -294.46752863825066,
    "final_capital": 12946.036927260398
}