{
    "total_return": -11.899585026793666,
    "sharpe_ratio": -0.45640206040489245,
    "max_drawdown": 16.514181411371933,
    "total_trades": 8,
    "winning_trades": 5,
    "losing_trades": 3,
    "win_rate": 62.5,
    "average_win": 210.3432234653015,
    "average_loss": -747.2248733352914,
    "final_capital": 8810.041497320633,
    "total_fee": 150.93165851956337
}