{
    "total_return": 5.446238683526735,
    "sharpe_ratio": 0.30069242838078675,
    "max_drawdown": 10.034760812967347,
    "total_trades": 12,
    "winning_trades": 7,
    "losing_trades": 5,
    "win_rate": 58.333333333333336,
    "average_win": 276.062258034029,
    "average_loss": -277.56238757710605,
    "avg_win_net": 2.7535486391060715,
    "avg_loss_net": -2.661747925378514,
    "final_capital": 10544.623868352674,
    "total_fee": 246.8172119940805
}