{
    "total_return": 23.676515382038325,
    "sharpe_ratio": 0.5428107293674936,
    "max_drawdown": 8.239206941114857,
    "total_trades": 21,
    "winning_trades": 11,
    "losing_trades": 10,
    "win_rate": 52.38095238095239,
    "average_win": 560.9035843029579,
    "average_loss": -380.2287889128703,
    "final_capital": 12367.651538203832,
    "total_fee": 493.57232753160093
}