{
    "total_return": -18.184055446930113,
    "sharpe_ratio": -0.3717959212071149,
    "max_drawdown": 24.8739143872508,
    "total_trades": 9,
    "winning_trades": 5,
    "losing_trades": 4,
    "win_rate": 55.55555555555556,
    "average_win": 263.6530932113852,
    "average_loss": -784.1677526874845,
    "final_capital": 8181.5944553069885,
    "total_fee": 170.6042436554231
}