{
    "total_return": -87.1931035662832,
    "sharpe_ratio": -0.6515430898927985,
    "max_drawdown": 87.13954221448472,
    "total_trades": 1047,
    "winning_trades": 312,
    "losing_trades": 735,
    "win_rate": 29.799426934097422,
    "average_win": 7.308148011782053,
    "average_loss": -14.965241545992269,
    "final_capital": 1280.6896433716806,
    "total_fee": 8816.099441213117
}