{
    "total_return": 22.772628920994684,
    "sharpe_ratio": 0.6142116988830995,
    "max_drawdown": 6.681219726232257,
    "total_trades": 19,
    "winning_trades": 11,
    "losing_trades": 8,
    "win_rate": 57.89473684210527,
    "average_win": 451.95493946638993,
    "average_loss": -336.7801802538531,
    "final_capital": 12277.262892099468,
    "total_fee": 418.30219639874645
}