{
    "total_return": 8.978012280637614,
    "sharpe_ratio": 0.2528244524442749,
    "max_drawdown": 17.202999153872874,
    "total_trades": 21,
    "winning_trades": 9,
    "losing_trades": 12,
    "win_rate": 42.857142857142854,
    "average_win": 513.8313792799576,
    "average_loss": -310.55676545465417,
    "final_capital": 10897.801228063761,
    "total_fee": 420.5083354756885
}