{
    "total_return": -12.554806124834158,
    "sharpe_ratio": -0.28003437528853403,
    "max_drawdown": 13.671833326975666,
    "total_trades": 39,
    "winning_trades": 22,
    "losing_trades": 17,
    "win_rate": 56.41025641025641,
    "average_win": 136.18067694663102,
    "average_loss": -250.08561795937027,
    "final_capital": 8744.519387516584,
    "total_fee": 739.361571023619
}