{
    "total_return": 19.294168841685007,
    "sharpe_ratio": 0.45679571856276197,
    "max_drawdown": 14.158479169694548,
    "total_trades": 39,
    "winning_trades": 23,
    "losing_trades": 16,
    "win_rate": 58.97435897435898,
    "average_win": 292.000515289656,
    "average_loss": -299.1621854683489,
    "final_capital": 11929.4168841685
}