{
    "total_return": -9.410383788332565,
    "sharpe_ratio": -0.45344865231306203,
    "max_drawdown": 14.641595673004776,
    "total_trades": 7,
    "winning_trades": 5,
    "losing_trades": 2,
    "win_rate": 71.42857142857143,
    "average_win": 132.59948847911969,
    "average_loss": -802.0179106144283,
    "final_capital": 9058.961621166743,
    "total_fee": 139.98197317662584
}