{
    "total_return": -19.73131319685547,
    "sharpe_ratio": -0.7423544883379359,
    "max_drawdown": 25.53559410593425,
    "total_trades": 19,
    "winning_trades": 6,
    "losing_trades": 13,
    "win_rate": 31.57894736842105,
    "average_win": 222.48643152822305,
    "average_loss": -254.46537760422157,
    "final_capital": 8026.868680314453,
    "total_fee": 323.8439487640147
}