{
    "total_return": -30.880430625432904,
    "sharpe_ratio": -0.4776479230956823,
    "max_drawdown": 31.297801360451306,
    "total_trades": 63,
    "winning_trades": 30,
    "losing_trades": 33,
    "win_rate": 47.61904761904761,
    "average_win": 148.20405000893373,
    "average_loss": -247.1544374426521,
    "final_capital": 8304.02506466049,
    "total_fee": 1214.947804407366
}