{
    "total_return": 10.869259808669922,
    "sharpe_ratio": 0.9395956047832946,
    "max_drawdown": 4.249436848198384,
    "total_trades": 10,
    "winning_trades": 8,
    "losing_trades": 2,
    "win_rate": 80.0,
    "average_win": 188.98370821085348,
    "average_loss": -212.4718424099199,
    "final_capital": 11086.925980866992
}