{
    "total_return": 18.06405153364953,
    "sharpe_ratio": 0.8167217534584981,
    "max_drawdown": 7.29313254088812,
    "total_trades": 16,
    "winning_trades": 11,
    "losing_trades": 5,
    "win_rate": 68.75,
    "average_win": 3705.8852100115632,
    "average_loss": -3564.6783724784627,
    "avg_win_net": 2.766083825823424,
    "avg_loss_net": -2.612626959986361,
    "final_capital": 149941.3454477349,
    "total_fee": 4360.193466220858
}