{
    "total_return": -50.51599372498836,
    "sharpe_ratio": -0.6568518530158689,
    "max_drawdown": 53.44485837876757,
    "total_trades": 72,
    "winning_trades": 21,
    "losing_trades": 51,
    "win_rate": 29.166666666666668,
    "average_win": 251.45780243474218,
    "average_loss": -202.592416149577,
    "final_capital": 4948.400627501164,
    "total_fee": 1178.1246020778328
}