{
    "total_return": -3.1106865262658356,
    "sharpe_ratio": -0.03260434172785499,
    "max_drawdown": 15.676243572069534,
    "total_trades": 25,
    "winning_trades": 11,
    "losing_trades": 14,
    "win_rate": 44.0,
    "average_win": 310.83239586699153,
    "average_loss": -266.44464336882066,
    "avg_win_net": 3.0228673380835045,
    "avg_loss_net": -2.5208087430211354,
    "final_capital": 9688.931347373416,
    "total_fee": 520.6180035722039
}