{
    "total_return": -22.223457809837484,
    "sharpe_ratio": -0.3943054566678364,
    "max_drawdown": 22.693102700203973,
    "total_trades": 51,
    "winning_trades": 26,
    "losing_trades": 25,
    "win_rate": 50.98039215686274,
    "average_win": 131.85208538348823,
    "average_loss": -226.02000003817795,
    "final_capital": 7777.654219016252,
    "total_fee": 887.1891164906797
}