{
    "total_return": -8.01312106137464,
    "sharpe_ratio": -0.1162530297995426,
    "max_drawdown": 10.954664938531968,
    "total_trades": 27,
    "winning_trades": 16,
    "losing_trades": 11,
    "win_rate": 59.25925925925925,
    "average_win": 66.12881837226536,
    "average_loss": -169.03392728124635,
    "avg_win_net": 0.7000211574610964,
    "avg_loss_net": -1.7276354169578887,
    "final_capital": 9198.687893862536,
    "total_fee": 508.3901429774673
}