{
    "total_return": -99.93435468248796,
    "sharpe_ratio": -0.7285633264536798,
    "max_drawdown": 99.93470606897877,
    "total_trades": 3829,
    "winning_trades": 1021,
    "losing_trades": 2808,
    "win_rate": 26.664925568033432,
    "average_win": 1.5634038884883712,
    "average_loss": -4.127375654699227,
    "final_capital": 6.564531751204969,
    "total_fee": 10449.041554663478
}