{
    "total_return": 16.99796584150168,
    "sharpe_ratio": 0.8006643733776047,
    "max_drawdown": 7.293132540888133,
    "total_trades": 16,
    "winning_trades": 11,
    "losing_trades": 5,
    "win_rate": 68.75,
    "average_win": 281.64603811805375,
    "average_loss": -279.6619670296842,
    "final_capital": 11699.796584150168,
    "total_fee": 342.16800824184355
}