{
    "total_return": 0.22720195737638277,
    "sharpe_ratio": 0.092690410314271,
    "max_drawdown": 6.354749490355076,
    "total_trades": 17,
    "winning_trades": 9,
    "losing_trades": 8,
    "win_rate": 52.94117647058824,
    "average_win": 202.37042626648704,
    "average_loss": -224.82670508259312,
    "final_capital": 10022.720195737638,
    "total_fee": 342.14381738803604
}