{
    "total_return": 8.922111743404257,
    "sharpe_ratio": 0.22644744318375284,
    "max_drawdown": 11.516303152306254,
    "total_trades": 44,
    "winning_trades": 32,
    "losing_trades": 12,
    "win_rate": 72.72727272727273,
    "average_win": 130.87133548979594,
    "average_loss": -274.6392967777534,
    "final_capital": 10892.211174340426,
    "total_fee": 1003.1412206106634
}