{
    "total_return": -20.42465068716144,
    "sharpe_ratio": -0.2000965977033122,
    "max_drawdown": 38.418784965932964,
    "total_trades": 24,
    "winning_trades": 6,
    "losing_trades": 18,
    "win_rate": 25.0,
    "average_win": 1078.1094473511534,
    "average_loss": -472.84009737905956,
    "final_capital": 7957.534931283856,
    "total_fee": 485.57133685558654
}