{
    "total_return": 4.085915761223114,
    "sharpe_ratio": 0.19565152329763413,
    "max_drawdown": 8.275324099368142,
    "total_trades": 8,
    "winning_trades": 4,
    "losing_trades": 4,
    "win_rate": 50.0,
    "average_win": 522.2277661278915,
    "average_loss": -420.07987209731385,
    "final_capital": 10408.591576122311,
    "total_fee": 168.27697806623738
}