{
    "total_return": -5.6307660375190425,
    "sharpe_ratio": -0.43166434455834246,
    "max_drawdown": 9.280454253944423,
    "total_trades": 12,
    "winning_trades": 5,
    "losing_trades": 7,
    "win_rate": 41.66666666666667,
    "average_win": 185.69522237390137,
    "average_loss": -213.0789593744875,
    "final_capital": 9436.923396248096
}