{
    "total_return": 1.8578678423060226,
    "sharpe_ratio": 0.1429108758704084,
    "max_drawdown": 12.576912127749429,
    "total_trades": 17,
    "winning_trades": 10,
    "losing_trades": 7,
    "win_rate": 58.82352941176471,
    "average_win": 209.44385925264697,
    "average_loss": -272.6645440422666,
    "final_capital": 10185.786784230602
}