{
    "total_return": 22.577366908354215,
    "sharpe_ratio": 0.27245330964627995,
    "max_drawdown": 9.257646670830123,
    "total_trades": 52,
    "winning_trades": 28,
    "losing_trades": 24,
    "win_rate": 53.84615384615385,
    "average_win": 256.4709453312654,
    "average_loss": -205.1437407683335,
    "avg_win_net": 2.2093172485210895,
    "avg_loss_net": -1.6508790318298028,
    "final_capital": 12257.736690835422,
    "total_fee": 1258.3461590037384
}