{
    "total_return": 20.14796577415247,
    "sharpe_ratio": 0.2129707676071884,
    "max_drawdown": 16.980594890161356,
    "total_trades": 69,
    "winning_trades": 38,
    "losing_trades": 31,
    "win_rate": 55.072463768115945,
    "average_win": 285.3301061696233,
    "average_loss": -284.7660470009818,
    "final_capital": 12014.796577415247,
    "total_fee": 1653.250066108884
}