{
    "total_return": -20.352107749620956,
    "sharpe_ratio": -0.3262184989784291,
    "max_drawdown": 35.38291533536996,
    "total_trades": 28,
    "winning_trades": 7,
    "losing_trades": 21,
    "win_rate": 25.0,
    "average_win": 583.0229202040298,
    "average_loss": -291.2557722090617,
    "final_capital": 7964.7892250379045,
    "total_fee": 484.1470377165465
}